endpoint_id,run_number,timestamp,source_file,metric_name,metric_value,metric_type
1,1,2026-03-21T13:44:10.587125,resource-metrics.json,endpoint_id,1,int
1,1,2026-03-21T13:44:10.587138,resource-metrics.json,run_number,1,int
1,1,2026-03-21T13:44:10.587141,resource-metrics.json,start_timestamp,2026-03-21T20:38:42Z,str
1,1,2026-03-21T13:44:10.587142,resource-metrics.json,end_timestamp,2026-03-21T20:38:48Z,str
1,1,2026-03-21T13:44:10.587144,resource-metrics.json,duration_seconds,5.79817,float
1,1,2026-03-21T13:44:10.587145,resource-metrics.json,search_budget_seconds,120,int
1,1,2026-03-21T13:44:10.587147,resource-metrics.json,cpu_average_percent,0,int
1,1,2026-03-21T13:44:10.587148,resource-metrics.json,memory_peak_mb,0,int
1,1,2026-03-21T13:44:10.587149,resource-metrics.json,tests_generated,0,int
1,1,2026-03-21T13:44:10.587150,resource-metrics.json,test_methods,0,int
1,1,2026-03-21T13:44:10.587151,resource-metrics.json,assertions,0,int
1,1,2026-03-21T13:44:10.587153,resource-metrics.json,coverage,N/A,str
1,1,2026-03-21T13:44:10.587154,resource-metrics.json,total_goals,N/A,str
1,1,2026-03-21T13:44:10.587155,resource-metrics.json,covered_goals,N/A,str
1,1,2026-03-21T13:44:10.587196,exit-status.json,endpoint_id,1,int
1,1,2026-03-21T13:44:10.587200,exit-status.json,run_number,1,int
1,1,2026-03-21T13:44:10.587202,exit-status.json,generation_status,FAILED,str
1,1,2026-03-21T13:44:10.587203,exit-status.json,exit_code,1,int
1,1,2026-03-21T13:44:10.587204,exit-status.json,timed_out,False,bool
1,1,2026-03-21T13:44:10.587206,exit-status.json,hung_up,False,bool
1,1,2026-03-21T13:44:10.587207,exit-status.json,error_type,NO_CLASS_FILES,str
1,1,2026-03-21T13:44:10.587208,exit-status.json,error_message,"No class files generated - compilation failed: [ERROR] /project/src/main/java/com/yas/rating/config/DatabaseAutoConfig.java:[4,58] package org.springframework.boot.persistence.autoconfigure does not exist [ERROR] /project/src/main/java/com/yas/rating/config/DatabaseAutoConfig.java:[15,2] cannot find symbol [ERROR] /project/src/main/java/com/yas/rating/service/RatingService.java:[3,39] package com.yas.commonlibrary.exception does not exist  ",str
1,1,2026-03-21T13:44:10.587209,exit-status.json,runs_without_error,False,bool
1,1,2026-03-21T13:44:10.587210,exit-status.json,threw_errors,True,bool
1,1,2026-03-21T13:44:10.587211,exit-status.json,error_counts,"{'total_errors': 59, 'missing_packages': 25, 'cannot_find_symbol': 34}",dict
1,1,2026-03-21T13:44:10.587214,exit-status.json,error_details_file,error-details.txt,str
1,2,2026-03-21T13:44:10.587302,resource-metrics.json,endpoint_id,1,int
1,2,2026-03-21T13:44:10.587306,resource-metrics.json,run_number,2,int
1,2,2026-03-21T13:44:10.587308,resource-metrics.json,start_timestamp,2026-03-21T20:38:54Z,str
1,2,2026-03-21T13:44:10.587309,resource-metrics.json,end_timestamp,2026-03-21T20:38:58Z,str
1,2,2026-03-21T13:44:10.587310,resource-metrics.json,duration_seconds,4.337331,float
1,2,2026-03-21T13:44:10.587311,resource-metrics.json,search_budget_seconds,120,int
1,2,2026-03-21T13:44:10.587313,resource-metrics.json,cpu_average_percent,0,int
1,2,2026-03-21T13:44:10.587314,resource-metrics.json,memory_peak_mb,0,int
1,2,2026-03-21T13:44:10.587315,resource-metrics.json,tests_generated,0,int
1,2,2026-03-21T13:44:10.587316,resource-metrics.json,test_methods,0,int
1,2,2026-03-21T13:44:10.587317,resource-metrics.json,assertions,0,int
1,2,2026-03-21T13:44:10.587318,resource-metrics.json,coverage,N/A,str
1,2,2026-03-21T13:44:10.587319,resource-metrics.json,total_goals,N/A,str
1,2,2026-03-21T13:44:10.587321,resource-metrics.json,covered_goals,N/A,str
1,2,2026-03-21T13:44:10.587360,exit-status.json,endpoint_id,1,int
1,2,2026-03-21T13:44:10.587364,exit-status.json,run_number,2,int
1,2,2026-03-21T13:44:10.587365,exit-status.json,generation_status,FAILED,str
1,2,2026-03-21T13:44:10.587366,exit-status.json,exit_code,1,int
1,2,2026-03-21T13:44:10.587367,exit-status.json,timed_out,False,bool
1,2,2026-03-21T13:44:10.587368,exit-status.json,hung_up,False,bool
1,2,2026-03-21T13:44:10.587369,exit-status.json,error_type,NO_CLASS_FILES,str
1,2,2026-03-21T13:44:10.587370,exit-status.json,error_message,"No class files generated - compilation failed: [ERROR] /project/src/main/java/com/yas/rating/config/DatabaseAutoConfig.java:[4,58] package org.springframework.boot.persistence.autoconfigure does not exist [ERROR] /project/src/main/java/com/yas/rating/config/DatabaseAutoConfig.java:[15,2] cannot find symbol [ERROR] /project/src/main/java/com/yas/rating/service/RatingService.java:[3,39] package com.yas.commonlibrary.exception does not exist  ",str
1,2,2026-03-21T13:44:10.587372,exit-status.json,runs_without_error,False,bool
1,2,2026-03-21T13:44:10.587373,exit-status.json,threw_errors,True,bool
1,2,2026-03-21T13:44:10.587374,exit-status.json,error_counts,"{'total_errors': 59, 'missing_packages': 25, 'cannot_find_symbol': 34}",dict
1,2,2026-03-21T13:44:10.587375,exit-status.json,error_details_file,error-details.txt,str
1,3,2026-03-21T13:44:10.587444,resource-metrics.json,endpoint_id,1,int
1,3,2026-03-21T13:44:10.587449,resource-metrics.json,run_number,3,int
1,3,2026-03-21T13:44:10.587450,resource-metrics.json,start_timestamp,2026-03-21T20:39:03Z,str
1,3,2026-03-21T13:44:10.587451,resource-metrics.json,end_timestamp,2026-03-21T20:39:07Z,str
1,3,2026-03-21T13:44:10.587452,resource-metrics.json,duration_seconds,3.525502,float
1,3,2026-03-21T13:44:10.587454,resource-metrics.json,search_budget_seconds,120,int
1,3,2026-03-21T13:44:10.587455,resource-metrics.json,cpu_average_percent,0,int
1,3,2026-03-21T13:44:10.587456,resource-metrics.json,memory_peak_mb,0,int
1,3,2026-03-21T13:44:10.587457,resource-metrics.json,tests_generated,0,int
1,3,2026-03-21T13:44:10.587458,resource-metrics.json,test_methods,0,int
1,3,2026-03-21T13:44:10.587459,resource-metrics.json,assertions,0,int
1,3,2026-03-21T13:44:10.587461,resource-metrics.json,coverage,N/A,str
1,3,2026-03-21T13:44:10.587462,resource-metrics.json,total_goals,N/A,str
1,3,2026-03-21T13:44:10.587463,resource-metrics.json,covered_goals,N/A,str
1,3,2026-03-21T13:44:10.587493,exit-status.json,endpoint_id,1,int
1,3,2026-03-21T13:44:10.587497,exit-status.json,run_number,3,int
1,3,2026-03-21T13:44:10.587499,exit-status.json,generation_status,FAILED,str
1,3,2026-03-21T13:44:10.587500,exit-status.json,exit_code,1,int
1,3,2026-03-21T13:44:10.587501,exit-status.json,timed_out,False,bool
1,3,2026-03-21T13:44:10.587502,exit-status.json,hung_up,False,bool
1,3,2026-03-21T13:44:10.587503,exit-status.json,error_type,NO_CLASS_FILES,str
1,3,2026-03-21T13:44:10.587504,exit-status.json,error_message,"No class files generated - compilation failed: [ERROR] /project/src/main/java/com/yas/rating/config/DatabaseAutoConfig.java:[4,58] package org.springframework.boot.persistence.autoconfigure does not exist [ERROR] /project/src/main/java/com/yas/rating/config/DatabaseAutoConfig.java:[15,2] cannot find symbol [ERROR] /project/src/main/java/com/yas/rating/service/RatingService.java:[3,39] package com.yas.commonlibrary.exception does not exist  ",str
1,3,2026-03-21T13:44:10.587505,exit-status.json,runs_without_error,False,bool
1,3,2026-03-21T13:44:10.587506,exit-status.json,threw_errors,True,bool
1,3,2026-03-21T13:44:10.587507,exit-status.json,error_counts,"{'total_errors': 59, 'missing_packages': 25, 'cannot_find_symbol': 34}",dict
1,3,2026-03-21T13:44:10.587512,exit-status.json,error_details_file,error-details.txt,str
2,1,2026-03-21T13:44:10.587613,resource-metrics.json,endpoint_id,2,int
2,1,2026-03-21T13:44:10.587617,resource-metrics.json,run_number,1,int
2,1,2026-03-21T13:44:10.587618,resource-metrics.json,start_timestamp,2026-03-21T20:39:17Z,str
2,1,2026-03-21T13:44:10.587619,resource-metrics.json,end_timestamp,2026-03-21T20:39:21Z,str
2,1,2026-03-21T13:44:10.587620,resource-metrics.json,duration_seconds,3.852547,float
2,1,2026-03-21T13:44:10.587622,resource-metrics.json,search_budget_seconds,120,int
2,1,2026-03-21T13:44:10.587623,resource-metrics.json,cpu_average_percent,0,int
2,1,2026-03-21T13:44:10.587624,resource-metrics.json,memory_peak_mb,0,int
2,1,2026-03-21T13:44:10.587625,resource-metrics.json,tests_generated,0,int
2,1,2026-03-21T13:44:10.587626,resource-metrics.json,test_methods,0,int
2,1,2026-03-21T13:44:10.587627,resource-metrics.json,assertions,0,int
2,1,2026-03-21T13:44:10.587628,resource-metrics.json,coverage,N/A,str
2,1,2026-03-21T13:44:10.587629,resource-metrics.json,total_goals,N/A,str
2,1,2026-03-21T13:44:10.587630,resource-metrics.json,covered_goals,N/A,str
2,1,2026-03-21T13:44:10.587679,exit-status.json,endpoint_id,2,int
2,1,2026-03-21T13:44:10.587683,exit-status.json,run_number,1,int
2,1,2026-03-21T13:44:10.587684,exit-status.json,generation_status,FAILED,str
2,1,2026-03-21T13:44:10.587685,exit-status.json,exit_code,1,int
2,1,2026-03-21T13:44:10.587686,exit-status.json,timed_out,False,bool
2,1,2026-03-21T13:44:10.587688,exit-status.json,hung_up,False,bool
2,1,2026-03-21T13:44:10.587689,exit-status.json,error_type,NO_CLASS_FILES,str
2,1,2026-03-21T13:44:10.587690,exit-status.json,error_message,"No class files generated - compilation failed: [ERROR] /project/src/main/java/com/yas/customer/controller/UserAddressController.java:[4,42] package com.yas.customer.viewmodel.address does not exist [ERROR] /project/src/main/java/com/yas/customer/controller/UserAddressController.java:[5,42] package com.yas.customer.viewmodel.address does not exist [ERROR] /project/src/main/java/com/yas/customer/controller/UserAddressController.java:[6,42] package com.yas.customer.viewmodel.address does not exist ",str
2,1,2026-03-21T13:44:10.587691,exit-status.json,runs_without_error,False,bool
2,1,2026-03-21T13:44:10.587692,exit-status.json,threw_errors,True,bool
2,1,2026-03-21T13:44:10.587693,exit-status.json,error_counts,"{'total_errors': 100, 'missing_packages': 53, 'cannot_find_symbol': 46}",dict
2,1,2026-03-21T13:44:10.587694,exit-status.json,error_details_file,error-details.txt,str
2,2,2026-03-21T13:44:10.587760,resource-metrics.json,endpoint_id,2,int
2,2,2026-03-21T13:44:10.587764,resource-metrics.json,run_number,2,int
2,2,2026-03-21T13:44:10.587765,resource-metrics.json,start_timestamp,2026-03-21T20:39:26Z,str
2,2,2026-03-21T13:44:10.587766,resource-metrics.json,end_timestamp,2026-03-21T20:39:30Z,str
2,2,2026-03-21T13:44:10.587767,resource-metrics.json,duration_seconds,3.875268,float
2,2,2026-03-21T13:44:10.587771,resource-metrics.json,search_budget_seconds,120,int
2,2,2026-03-21T13:44:10.587772,resource-metrics.json,cpu_average_percent,0,int
2,2,2026-03-21T13:44:10.587773,resource-metrics.json,memory_peak_mb,0,int
2,2,2026-03-21T13:44:10.587774,resource-metrics.json,tests_generated,0,int
2,2,2026-03-21T13:44:10.587775,resource-metrics.json,test_methods,0,int
2,2,2026-03-21T13:44:10.587777,resource-metrics.json,assertions,0,int
2,2,2026-03-21T13:44:10.587778,resource-metrics.json,coverage,N/A,str
2,2,2026-03-21T13:44:10.587779,resource-metrics.json,total_goals,N/A,str
2,2,2026-03-21T13:44:10.587780,resource-metrics.json,covered_goals,N/A,str
2,2,2026-03-21T13:44:10.587810,exit-status.json,endpoint_id,2,int
2,2,2026-03-21T13:44:10.587814,exit-status.json,run_number,2,int
2,2,2026-03-21T13:44:10.587815,exit-status.json,generation_status,FAILED,str
2,2,2026-03-21T13:44:10.587816,exit-status.json,exit_code,1,int
2,2,2026-03-21T13:44:10.587817,exit-status.json,timed_out,False,bool
2,2,2026-03-21T13:44:10.587818,exit-status.json,hung_up,False,bool
2,2,2026-03-21T13:44:10.587819,exit-status.json,error_type,NO_CLASS_FILES,str
2,2,2026-03-21T13:44:10.587820,exit-status.json,error_message,"No class files generated - compilation failed: [ERROR] /project/src/main/java/com/yas/customer/controller/UserAddressController.java:[4,42] package com.yas.customer.viewmodel.address does not exist [ERROR] /project/src/main/java/com/yas/customer/controller/UserAddressController.java:[5,42] package com.yas.customer.viewmodel.address does not exist [ERROR] /project/src/main/java/com/yas/customer/controller/UserAddressController.java:[6,42] package com.yas.customer.viewmodel.address does not exist ",str
2,2,2026-03-21T13:44:10.587822,exit-status.json,runs_without_error,False,bool
2,2,2026-03-21T13:44:10.587823,exit-status.json,threw_errors,True,bool
2,2,2026-03-21T13:44:10.587824,exit-status.json,error_counts,"{'total_errors': 100, 'missing_packages': 53, 'cannot_find_symbol': 46}",dict
2,2,2026-03-21T13:44:10.587826,exit-status.json,error_details_file,error-details.txt,str
2,3,2026-03-21T13:44:10.587886,resource-metrics.json,endpoint_id,2,int
2,3,2026-03-21T13:44:10.587890,resource-metrics.json,run_number,3,int
2,3,2026-03-21T13:44:10.587892,resource-metrics.json,start_timestamp,2026-03-21T20:39:35Z,str
2,3,2026-03-21T13:44:10.587893,resource-metrics.json,end_timestamp,2026-03-21T20:39:38Z,str
2,3,2026-03-21T13:44:10.587894,resource-metrics.json,duration_seconds,3.624877,float
2,3,2026-03-21T13:44:10.587896,resource-metrics.json,search_budget_seconds,120,int
2,3,2026-03-21T13:44:10.587897,resource-metrics.json,cpu_average_percent,0,int
2,3,2026-03-21T13:44:10.587898,resource-metrics.json,memory_peak_mb,0,int
2,3,2026-03-21T13:44:10.587899,resource-metrics.json,tests_generated,0,int
2,3,2026-03-21T13:44:10.587900,resource-metrics.json,test_methods,0,int
2,3,2026-03-21T13:44:10.587901,resource-metrics.json,assertions,0,int
2,3,2026-03-21T13:44:10.587902,resource-metrics.json,coverage,N/A,str
2,3,2026-03-21T13:44:10.587903,resource-metrics.json,total_goals,N/A,str
2,3,2026-03-21T13:44:10.587905,resource-metrics.json,covered_goals,N/A,str
2,3,2026-03-21T13:44:10.587934,exit-status.json,endpoint_id,2,int
2,3,2026-03-21T13:44:10.587938,exit-status.json,run_number,3,int
2,3,2026-03-21T13:44:10.587939,exit-status.json,generation_status,FAILED,str
2,3,2026-03-21T13:44:10.587940,exit-status.json,exit_code,1,int
2,3,2026-03-21T13:44:10.587941,exit-status.json,timed_out,False,bool
2,3,2026-03-21T13:44:10.587943,exit-status.json,hung_up,False,bool
2,3,2026-03-21T13:44:10.587944,exit-status.json,error_type,NO_CLASS_FILES,str
2,3,2026-03-21T13:44:10.587945,exit-status.json,error_message,"No class files generated - compilation failed: [ERROR] /project/src/main/java/com/yas/customer/controller/UserAddressController.java:[4,42] package com.yas.customer.viewmodel.address does not exist [ERROR] /project/src/main/java/com/yas/customer/controller/UserAddressController.java:[5,42] package com.yas.customer.viewmodel.address does not exist [ERROR] /project/src/main/java/com/yas/customer/controller/UserAddressController.java:[6,42] package com.yas.customer.viewmodel.address does not exist ",str
2,3,2026-03-21T13:44:10.587946,exit-status.json,runs_without_error,False,bool
2,3,2026-03-21T13:44:10.587948,exit-status.json,threw_errors,True,bool
2,3,2026-03-21T13:44:10.587949,exit-status.json,error_counts,"{'total_errors': 100, 'missing_packages': 53, 'cannot_find_symbol': 46}",dict
2,3,2026-03-21T13:44:10.587950,exit-status.json,error_details_file,error-details.txt,str
3,1,2026-03-21T13:44:10.588062,resource-metrics.json,endpoint_id,3,int
3,1,2026-03-21T13:44:10.588066,resource-metrics.json,run_number,1,int
3,1,2026-03-21T13:44:10.588068,resource-metrics.json,start_timestamp,2026-03-21T20:39:49Z,str
3,1,2026-03-21T13:44:10.588069,resource-metrics.json,end_timestamp,2026-03-21T20:39:53Z,str
3,1,2026-03-21T13:44:10.588070,resource-metrics.json,duration_seconds,3.915667,float
3,1,2026-03-21T13:44:10.588071,resource-metrics.json,search_budget_seconds,120,int
3,1,2026-03-21T13:44:10.588073,resource-metrics.json,cpu_average_percent,0,int
3,1,2026-03-21T13:44:10.588074,resource-metrics.json,memory_peak_mb,0,int
3,1,2026-03-21T13:44:10.588075,resource-metrics.json,tests_generated,0,int
3,1,2026-03-21T13:44:10.588076,resource-metrics.json,test_methods,0,int
3,1,2026-03-21T13:44:10.588077,resource-metrics.json,assertions,0,int
3,1,2026-03-21T13:44:10.588078,resource-metrics.json,coverage,N/A,str
3,1,2026-03-21T13:44:10.588079,resource-metrics.json,total_goals,N/A,str
3,1,2026-03-21T13:44:10.588080,resource-metrics.json,covered_goals,N/A,str
3,1,2026-03-21T13:44:10.588113,exit-status.json,endpoint_id,3,int
3,1,2026-03-21T13:44:10.588117,exit-status.json,run_number,1,int
3,1,2026-03-21T13:44:10.588118,exit-status.json,generation_status,FAILED,str
3,1,2026-03-21T13:44:10.588120,exit-status.json,exit_code,1,int
3,1,2026-03-21T13:44:10.588121,exit-status.json,timed_out,False,bool
3,1,2026-03-21T13:44:10.588122,exit-status.json,hung_up,False,bool
3,1,2026-03-21T13:44:10.588124,exit-status.json,error_type,NO_CLASS_FILES,str
3,1,2026-03-21T13:44:10.588125,exit-status.json,error_message,"No class files generated - compilation failed: [ERROR] /project/src/main/java/com/yas/cart/model/CartItem.java:[8,35] package com.yas.commonlibrary.model does not exist [ERROR] /project/src/main/java/com/yas/cart/model/CartItem.java:[22,31] cannot find symbol [ERROR] /project/src/main/java/com/yas/cart/mapper/CartItemMapper.java:[4,30] package com.yas.cart.viewmodel does not exist  ",str
3,1,2026-03-21T13:44:10.588126,exit-status.json,runs_without_error,False,bool
3,1,2026-03-21T13:44:10.588127,exit-status.json,threw_errors,True,bool
3,1,2026-03-21T13:44:10.588128,exit-status.json,error_counts,"{'total_errors': 56, 'missing_packages': 21, 'cannot_find_symbol': 35}",dict
3,1,2026-03-21T13:44:10.588130,exit-status.json,error_details_file,error-details.txt,str
3,2,2026-03-21T13:44:10.588200,resource-metrics.json,endpoint_id,3,int
3,2,2026-03-21T13:44:10.588204,resource-metrics.json,run_number,2,int
3,2,2026-03-21T13:44:10.588205,resource-metrics.json,start_timestamp,2026-03-21T20:39:58Z,str
3,2,2026-03-21T13:44:10.588206,resource-metrics.json,end_timestamp,2026-03-21T20:40:02Z,str
3,2,2026-03-21T13:44:10.588207,resource-metrics.json,duration_seconds,4.004548,float
3,2,2026-03-21T13:44:10.588209,resource-metrics.json,search_budget_seconds,120,int
3,2,2026-03-21T13:44:10.588210,resource-metrics.json,cpu_average_percent,0,int
3,2,2026-03-21T13:44:10.588211,resource-metrics.json,memory_peak_mb,0,int
3,2,2026-03-21T13:44:10.588212,resource-metrics.json,tests_generated,0,int
3,2,2026-03-21T13:44:10.588213,resource-metrics.json,test_methods,0,int
3,2,2026-03-21T13:44:10.588215,resource-metrics.json,assertions,0,int
3,2,2026-03-21T13:44:10.588216,resource-metrics.json,coverage,N/A,str
3,2,2026-03-21T13:44:10.588217,resource-metrics.json,total_goals,N/A,str
3,2,2026-03-21T13:44:10.588218,resource-metrics.json,covered_goals,N/A,str
3,2,2026-03-21T13:44:10.588253,exit-status.json,endpoint_id,3,int
3,2,2026-03-21T13:44:10.588256,exit-status.json,run_number,2,int
3,2,2026-03-21T13:44:10.588258,exit-status.json,generation_status,FAILED,str
3,2,2026-03-21T13:44:10.588259,exit-status.json,exit_code,1,int
3,2,2026-03-21T13:44:10.588260,exit-status.json,timed_out,False,bool
3,2,2026-03-21T13:44:10.588264,exit-status.json,hung_up,False,bool
3,2,2026-03-21T13:44:10.588265,exit-status.json,error_type,NO_CLASS_FILES,str
3,2,2026-03-21T13:44:10.588266,exit-status.json,error_message,"No class files generated - compilation failed: [ERROR] /project/src/main/java/com/yas/cart/model/CartItem.java:[8,35] package com.yas.commonlibrary.model does not exist [ERROR] /project/src/main/java/com/yas/cart/model/CartItem.java:[22,31] cannot find symbol [ERROR] /project/src/main/java/com/yas/cart/mapper/CartItemMapper.java:[4,30] package com.yas.cart.viewmodel does not exist  ",str
3,2,2026-03-21T13:44:10.588267,exit-status.json,runs_without_error,False,bool
3,2,2026-03-21T13:44:10.588268,exit-status.json,threw_errors,True,bool
3,2,2026-03-21T13:44:10.588270,exit-status.json,error_counts,"{'total_errors': 56, 'missing_packages': 21, 'cannot_find_symbol': 35}",dict
3,2,2026-03-21T13:44:10.588271,exit-status.json,error_details_file,error-details.txt,str
3,3,2026-03-21T13:44:10.588341,resource-metrics.json,endpoint_id,3,int
3,3,2026-03-21T13:44:10.588345,resource-metrics.json,run_number,3,int
3,3,2026-03-21T13:44:10.588346,resource-metrics.json,start_timestamp,2026-03-21T20:40:07Z,str
3,3,2026-03-21T13:44:10.588347,resource-metrics.json,end_timestamp,2026-03-21T20:40:11Z,str
3,3,2026-03-21T13:44:10.588348,resource-metrics.json,duration_seconds,3.898429,float
3,3,2026-03-21T13:44:10.588349,resource-metrics.json,search_budget_seconds,120,int
3,3,2026-03-21T13:44:10.588351,resource-metrics.json,cpu_average_percent,0,int
3,3,2026-03-21T13:44:10.588352,resource-metrics.json,memory_peak_mb,0,int
3,3,2026-03-21T13:44:10.588353,resource-metrics.json,tests_generated,0,int
3,3,2026-03-21T13:44:10.588354,resource-metrics.json,test_methods,0,int
3,3,2026-03-21T13:44:10.588355,resource-metrics.json,assertions,0,int
3,3,2026-03-21T13:44:10.588356,resource-metrics.json,coverage,N/A,str
3,3,2026-03-21T13:44:10.588357,resource-metrics.json,total_goals,N/A,str
3,3,2026-03-21T13:44:10.588358,resource-metrics.json,covered_goals,N/A,str
3,3,2026-03-21T13:44:10.588390,exit-status.json,endpoint_id,3,int
3,3,2026-03-21T13:44:10.588394,exit-status.json,run_number,3,int
3,3,2026-03-21T13:44:10.588395,exit-status.json,generation_status,FAILED,str
3,3,2026-03-21T13:44:10.588396,exit-status.json,exit_code,1,int
3,3,2026-03-21T13:44:10.588397,exit-status.json,timed_out,False,bool
3,3,2026-03-21T13:44:10.588398,exit-status.json,hung_up,False,bool
3,3,2026-03-21T13:44:10.588399,exit-status.json,error_type,NO_CLASS_FILES,str
3,3,2026-03-21T13:44:10.588400,exit-status.json,error_message,"No class files generated - compilation failed: [ERROR] /project/src/main/java/com/yas/cart/model/CartItem.java:[8,35] package com.yas.commonlibrary.model does not exist [ERROR] /project/src/main/java/com/yas/cart/model/CartItem.java:[22,31] cannot find symbol [ERROR] /project/src/main/java/com/yas/cart/mapper/CartItemMapper.java:[4,30] package com.yas.cart.viewmodel does not exist  ",str
3,3,2026-03-21T13:44:10.588402,exit-status.json,runs_without_error,False,bool
3,3,2026-03-21T13:44:10.588403,exit-status.json,threw_errors,True,bool
3,3,2026-03-21T13:44:10.588404,exit-status.json,error_counts,"{'total_errors': 56, 'missing_packages': 21, 'cannot_find_symbol': 35}",dict
3,3,2026-03-21T13:44:10.588406,exit-status.json,error_details_file,error-details.txt,str
4,1,2026-03-21T13:44:10.588508,resource-metrics.json,endpoint_id,4,int
4,1,2026-03-21T13:44:10.588512,resource-metrics.json,run_number,1,int
4,1,2026-03-21T13:44:10.588513,resource-metrics.json,start_timestamp,2026-03-21T20:40:21Z,str
4,1,2026-03-21T13:44:10.588514,resource-metrics.json,end_timestamp,2026-03-21T20:40:27Z,str
4,1,2026-03-21T13:44:10.588516,resource-metrics.json,duration_seconds,5.976784,float
4,1,2026-03-21T13:44:10.588517,resource-metrics.json,search_budget_seconds,120,int
4,1,2026-03-21T13:44:10.588518,resource-metrics.json,cpu_average_percent,0,int
4,1,2026-03-21T13:44:10.588519,resource-metrics.json,memory_peak_mb,0,int
4,1,2026-03-21T13:44:10.588520,resource-metrics.json,tests_generated,0,int
4,1,2026-03-21T13:44:10.588521,resource-metrics.json,test_methods,0,int
4,1,2026-03-21T13:44:10.588522,resource-metrics.json,assertions,0,int
4,1,2026-03-21T13:44:10.588524,resource-metrics.json,coverage,N/A,str
4,1,2026-03-21T13:44:10.588527,resource-metrics.json,total_goals,N/A,str
4,1,2026-03-21T13:44:10.588528,resource-metrics.json,covered_goals,N/A,str
4,1,2026-03-21T13:44:10.588561,exit-status.json,endpoint_id,4,int
4,1,2026-03-21T13:44:10.588564,exit-status.json,run_number,1,int
4,1,2026-03-21T13:44:10.588566,exit-status.json,generation_status,FAILED,str
4,1,2026-03-21T13:44:10.588567,exit-status.json,exit_code,1,int
4,1,2026-03-21T13:44:10.588568,exit-status.json,timed_out,False,bool
4,1,2026-03-21T13:44:10.588569,exit-status.json,hung_up,False,bool
4,1,2026-03-21T13:44:10.588570,exit-status.json,error_type,NO_CLASS_FILES,str
4,1,2026-03-21T13:44:10.588571,exit-status.json,error_message,"No class files generated - compilation failed: [ERROR] /project/src/main/java/com/yas/product/model/Category.java:[4,35] package com.yas.commonlibrary.model does not exist [ERROR] /project/src/main/java/com/yas/product/model/Category.java:[28,31] cannot find symbol [ERROR] /project/src/main/java/com/yas/product/model/Product.java:[4,35] package com.yas.commonlibrary.model does not exist  ",str
4,1,2026-03-21T13:44:10.588572,exit-status.json,runs_without_error,False,bool
4,1,2026-03-21T13:44:10.588573,exit-status.json,threw_errors,True,bool
4,1,2026-03-21T13:44:10.588574,exit-status.json,error_counts,"{'total_errors': 100, 'missing_packages': 39, 'cannot_find_symbol': 61}",dict
4,1,2026-03-21T13:44:10.588576,exit-status.json,error_details_file,error-details.txt,str
4,2,2026-03-21T13:44:10.588650,resource-metrics.json,endpoint_id,4,int
4,2,2026-03-21T13:44:10.588654,resource-metrics.json,run_number,2,int
4,2,2026-03-21T13:44:10.588655,resource-metrics.json,start_timestamp,2026-03-21T20:40:32Z,str
4,2,2026-03-21T13:44:10.588656,resource-metrics.json,end_timestamp,2026-03-21T20:40:38Z,str
4,2,2026-03-21T13:44:10.588657,resource-metrics.json,duration_seconds,5.766297,float
4,2,2026-03-21T13:44:10.588658,resource-metrics.json,search_budget_seconds,120,int
4,2,2026-03-21T13:44:10.588659,resource-metrics.json,cpu_average_percent,0,int
4,2,2026-03-21T13:44:10.588661,resource-metrics.json,memory_peak_mb,0,int
4,2,2026-03-21T13:44:10.588662,resource-metrics.json,tests_generated,0,int
4,2,2026-03-21T13:44:10.588663,resource-metrics.json,test_methods,0,int
4,2,2026-03-21T13:44:10.588664,resource-metrics.json,assertions,0,int
4,2,2026-03-21T13:44:10.588665,resource-metrics.json,coverage,N/A,str
4,2,2026-03-21T13:44:10.588666,resource-metrics.json,total_goals,N/A,str
4,2,2026-03-21T13:44:10.588667,resource-metrics.json,covered_goals,N/A,str
4,2,2026-03-21T13:44:10.588700,exit-status.json,endpoint_id,4,int
4,2,2026-03-21T13:44:10.588703,exit-status.json,run_number,2,int
4,2,2026-03-21T13:44:10.588705,exit-status.json,generation_status,FAILED,str
4,2,2026-03-21T13:44:10.588706,exit-status.json,exit_code,1,int
4,2,2026-03-21T13:44:10.588707,exit-status.json,timed_out,False,bool
4,2,2026-03-21T13:44:10.588708,exit-status.json,hung_up,False,bool
4,2,2026-03-21T13:44:10.588709,exit-status.json,error_type,NO_CLASS_FILES,str
4,2,2026-03-21T13:44:10.588710,exit-status.json,error_message,"No class files generated - compilation failed: [ERROR] /project/src/main/java/com/yas/product/model/Category.java:[4,35] package com.yas.commonlibrary.model does not exist [ERROR] /project/src/main/java/com/yas/product/model/Category.java:[28,31] cannot find symbol [ERROR] /project/src/main/java/com/yas/product/model/Product.java:[4,35] package com.yas.commonlibrary.model does not exist  ",str
4,2,2026-03-21T13:44:10.588711,exit-status.json,runs_without_error,False,bool
4,2,2026-03-21T13:44:10.588712,exit-status.json,threw_errors,True,bool
4,2,2026-03-21T13:44:10.588713,exit-status.json,error_counts,"{'total_errors': 100, 'missing_packages': 39, 'cannot_find_symbol': 61}",dict
4,2,2026-03-21T13:44:10.588715,exit-status.json,error_details_file,error-details.txt,str
4,3,2026-03-21T13:44:10.588787,resource-metrics.json,endpoint_id,4,int
4,3,2026-03-21T13:44:10.588791,resource-metrics.json,run_number,3,int
4,3,2026-03-21T13:44:10.588792,resource-metrics.json,start_timestamp,2026-03-21T20:40:43Z,str
4,3,2026-03-21T13:44:10.588793,resource-metrics.json,end_timestamp,2026-03-21T20:40:49Z,str
4,3,2026-03-21T13:44:10.588794,resource-metrics.json,duration_seconds,5.824432,float
4,3,2026-03-21T13:44:10.588796,resource-metrics.json,search_budget_seconds,120,int
4,3,2026-03-21T13:44:10.588797,resource-metrics.json,cpu_average_percent,0,int
4,3,2026-03-21T13:44:10.588798,resource-metrics.json,memory_peak_mb,0,int
4,3,2026-03-21T13:44:10.588799,resource-metrics.json,tests_generated,0,int
4,3,2026-03-21T13:44:10.588800,resource-metrics.json,test_methods,0,int
4,3,2026-03-21T13:44:10.588801,resource-metrics.json,assertions,0,int
4,3,2026-03-21T13:44:10.588802,resource-metrics.json,coverage,N/A,str
4,3,2026-03-21T13:44:10.588803,resource-metrics.json,total_goals,N/A,str
4,3,2026-03-21T13:44:10.588804,resource-metrics.json,covered_goals,N/A,str
4,3,2026-03-21T13:44:10.588850,exit-status.json,endpoint_id,4,int
4,3,2026-03-21T13:44:10.588854,exit-status.json,run_number,3,int
4,3,2026-03-21T13:44:10.588855,exit-status.json,generation_status,FAILED,str
4,3,2026-03-21T13:44:10.588856,exit-status.json,exit_code,1,int
4,3,2026-03-21T13:44:10.588857,exit-status.json,timed_out,False,bool
4,3,2026-03-21T13:44:10.588859,exit-status.json,hung_up,False,bool
4,3,2026-03-21T13:44:10.588860,exit-status.json,error_type,NO_CLASS_FILES,str
4,3,2026-03-21T13:44:10.588861,exit-status.json,error_message,"No class files generated - compilation failed: [ERROR] /project/src/main/java/com/yas/product/model/Category.java:[4,35] package com.yas.commonlibrary.model does not exist [ERROR] /project/src/main/java/com/yas/product/model/Category.java:[28,31] cannot find symbol [ERROR] /project/src/main/java/com/yas/product/model/Product.java:[4,35] package com.yas.commonlibrary.model does not exist  ",str
4,3,2026-03-21T13:44:10.588862,exit-status.json,runs_without_error,False,bool
4,3,2026-03-21T13:44:10.588863,exit-status.json,threw_errors,True,bool
4,3,2026-03-21T13:44:10.588864,exit-status.json,error_counts,"{'total_errors': 100, 'missing_packages': 39, 'cannot_find_symbol': 61}",dict
4,3,2026-03-21T13:44:10.588866,exit-status.json,error_details_file,error-details.txt,str
5,1,2026-03-21T13:44:10.589019,resource-metrics.json,endpoint_id,5,int
5,1,2026-03-21T13:44:10.589023,resource-metrics.json,run_number,1,int
5,1,2026-03-21T13:44:10.589024,resource-metrics.json,start_timestamp,2026-03-21T20:40:59Z,str
5,1,2026-03-21T13:44:10.589025,resource-metrics.json,end_timestamp,2026-03-21T20:41:03Z,str
5,1,2026-03-21T13:44:10.589026,resource-metrics.json,duration_seconds,3.891716,float
5,1,2026-03-21T13:44:10.589027,resource-metrics.json,search_budget_seconds,120,int
5,1,2026-03-21T13:44:10.589028,resource-metrics.json,cpu_average_percent,0,int
5,1,2026-03-21T13:44:10.589030,resource-metrics.json,memory_peak_mb,0,int
5,1,2026-03-21T13:44:10.589031,resource-metrics.json,tests_generated,0,int
5,1,2026-03-21T13:44:10.589032,resource-metrics.json,test_methods,0,int
5,1,2026-03-21T13:44:10.589033,resource-metrics.json,assertions,0,int
5,1,2026-03-21T13:44:10.589034,resource-metrics.json,coverage,N/A,str
5,1,2026-03-21T13:44:10.589035,resource-metrics.json,total_goals,N/A,str
5,1,2026-03-21T13:44:10.589036,resource-metrics.json,covered_goals,N/A,str
5,1,2026-03-21T13:44:10.589083,exit-status.json,endpoint_id,5,int
5,1,2026-03-21T13:44:10.589087,exit-status.json,run_number,1,int
5,1,2026-03-21T13:44:10.589088,exit-status.json,generation_status,FAILED,str
5,1,2026-03-21T13:44:10.589089,exit-status.json,exit_code,1,int
5,1,2026-03-21T13:44:10.589090,exit-status.json,timed_out,False,bool
5,1,2026-03-21T13:44:10.589091,exit-status.json,hung_up,False,bool
5,1,2026-03-21T13:44:10.589093,exit-status.json,error_type,NO_CLASS_FILES,str
5,1,2026-03-21T13:44:10.589094,exit-status.json,error_message,"No class files generated - compilation failed: [ERROR] /project/src/main/java/com/yas/rating/config/DatabaseAutoConfig.java:[4,58] package org.springframework.boot.persistence.autoconfigure does not exist [ERROR] /project/src/main/java/com/yas/rating/config/DatabaseAutoConfig.java:[15,2] cannot find symbol [ERROR] /project/src/main/java/com/yas/rating/service/RatingService.java:[3,39] package com.yas.commonlibrary.exception does not exist  ",str
5,1,2026-03-21T13:44:10.589095,exit-status.json,runs_without_error,False,bool
5,1,2026-03-21T13:44:10.589096,exit-status.json,threw_errors,True,bool
5,1,2026-03-21T13:44:10.589097,exit-status.json,error_counts,"{'total_errors': 59, 'missing_packages': 25, 'cannot_find_symbol': 34}",dict
5,1,2026-03-21T13:44:10.589098,exit-status.json,error_details_file,error-details.txt,str
5,2,2026-03-21T13:44:10.589183,resource-metrics.json,endpoint_id,5,int
5,2,2026-03-21T13:44:10.589187,resource-metrics.json,run_number,2,int
5,2,2026-03-21T13:44:10.589188,resource-metrics.json,start_timestamp,2026-03-21T20:41:08Z,str
5,2,2026-03-21T13:44:10.589189,resource-metrics.json,end_timestamp,2026-03-21T20:41:13Z,str
5,2,2026-03-21T13:44:10.589190,resource-metrics.json,duration_seconds,4.351725,float
5,2,2026-03-21T13:44:10.589191,resource-metrics.json,search_budget_seconds,120,int
5,2,2026-03-21T13:44:10.589193,resource-metrics.json,cpu_average_percent,0,int
5,2,2026-03-21T13:44:10.589194,resource-metrics.json,memory_peak_mb,0,int
5,2,2026-03-21T13:44:10.589195,resource-metrics.json,tests_generated,0,int
5,2,2026-03-21T13:44:10.589196,resource-metrics.json,test_methods,0,int
5,2,2026-03-21T13:44:10.589197,resource-metrics.json,assertions,0,int
5,2,2026-03-21T13:44:10.589198,resource-metrics.json,coverage,N/A,str
5,2,2026-03-21T13:44:10.589199,resource-metrics.json,total_goals,N/A,str
5,2,2026-03-21T13:44:10.589200,resource-metrics.json,covered_goals,N/A,str
5,2,2026-03-21T13:44:10.589232,exit-status.json,endpoint_id,5,int
5,2,2026-03-21T13:44:10.589240,exit-status.json,run_number,2,int
5,2,2026-03-21T13:44:10.589241,exit-status.json,generation_status,FAILED,str
5,2,2026-03-21T13:44:10.589242,exit-status.json,exit_code,1,int
5,2,2026-03-21T13:44:10.589244,exit-status.json,timed_out,False,bool
5,2,2026-03-21T13:44:10.589245,exit-status.json,hung_up,False,bool
5,2,2026-03-21T13:44:10.589246,exit-status.json,error_type,NO_CLASS_FILES,str
5,2,2026-03-21T13:44:10.589247,exit-status.json,error_message,"No class files generated - compilation failed: [ERROR] /project/src/main/java/com/yas/rating/config/DatabaseAutoConfig.java:[4,58] package org.springframework.boot.persistence.autoconfigure does not exist [ERROR] /project/src/main/java/com/yas/rating/config/DatabaseAutoConfig.java:[15,2] cannot find symbol [ERROR] /project/src/main/java/com/yas/rating/service/RatingService.java:[3,39] package com.yas.commonlibrary.exception does not exist  ",str
5,2,2026-03-21T13:44:10.589248,exit-status.json,runs_without_error,False,bool
5,2,2026-03-21T13:44:10.589249,exit-status.json,threw_errors,True,bool
5,2,2026-03-21T13:44:10.589250,exit-status.json,error_counts,"{'total_errors': 59, 'missing_packages': 25, 'cannot_find_symbol': 34}",dict
5,2,2026-03-21T13:44:10.589252,exit-status.json,error_details_file,error-details.txt,str
5,3,2026-03-21T13:44:10.589325,resource-metrics.json,endpoint_id,5,int
5,3,2026-03-21T13:44:10.589329,resource-metrics.json,run_number,3,int
5,3,2026-03-21T13:44:10.589330,resource-metrics.json,start_timestamp,2026-03-21T20:41:18Z,str
5,3,2026-03-21T13:44:10.589331,resource-metrics.json,end_timestamp,2026-03-21T20:41:22Z,str
5,3,2026-03-21T13:44:10.589332,resource-metrics.json,duration_seconds,3.943248,float
5,3,2026-03-21T13:44:10.589333,resource-metrics.json,search_budget_seconds,120,int
5,3,2026-03-21T13:44:10.589335,resource-metrics.json,cpu_average_percent,0,int
5,3,2026-03-21T13:44:10.589336,resource-metrics.json,memory_peak_mb,0,int
5,3,2026-03-21T13:44:10.589337,resource-metrics.json,tests_generated,0,int
5,3,2026-03-21T13:44:10.589338,resource-metrics.json,test_methods,0,int
5,3,2026-03-21T13:44:10.589339,resource-metrics.json,assertions,0,int
5,3,2026-03-21T13:44:10.589340,resource-metrics.json,coverage,N/A,str
5,3,2026-03-21T13:44:10.589341,resource-metrics.json,total_goals,N/A,str
5,3,2026-03-21T13:44:10.589342,resource-metrics.json,covered_goals,N/A,str
5,3,2026-03-21T13:44:10.589370,exit-status.json,endpoint_id,5,int
5,3,2026-03-21T13:44:10.589374,exit-status.json,run_number,3,int
5,3,2026-03-21T13:44:10.589375,exit-status.json,generation_status,FAILED,str
5,3,2026-03-21T13:44:10.589376,exit-status.json,exit_code,1,int
5,3,2026-03-21T13:44:10.589377,exit-status.json,timed_out,False,bool
5,3,2026-03-21T13:44:10.589378,exit-status.json,hung_up,False,bool
5,3,2026-03-21T13:44:10.589379,exit-status.json,error_type,NO_CLASS_FILES,str
5,3,2026-03-21T13:44:10.589380,exit-status.json,error_message,"No class files generated - compilation failed: [ERROR] /project/src/main/java/com/yas/rating/config/DatabaseAutoConfig.java:[4,58] package org.springframework.boot.persistence.autoconfigure does not exist [ERROR] /project/src/main/java/com/yas/rating/config/DatabaseAutoConfig.java:[15,2] cannot find symbol [ERROR] /project/src/main/java/com/yas/rating/service/RatingService.java:[3,39] package com.yas.commonlibrary.exception does not exist  ",str
5,3,2026-03-21T13:44:10.589382,exit-status.json,runs_without_error,False,bool
5,3,2026-03-21T13:44:10.589383,exit-status.json,threw_errors,True,bool
5,3,2026-03-21T13:44:10.589384,exit-status.json,error_counts,"{'total_errors': 59, 'missing_packages': 25, 'cannot_find_symbol': 34}",dict
5,3,2026-03-21T13:44:10.589385,exit-status.json,error_details_file,error-details.txt,str
6,1,2026-03-21T13:44:10.589500,resource-metrics.json,endpoint_id,6,int
6,1,2026-03-21T13:44:10.589504,resource-metrics.json,run_number,1,int
6,1,2026-03-21T13:44:10.589505,resource-metrics.json,start_timestamp,2026-03-21T20:41:32Z,str
6,1,2026-03-21T13:44:10.589506,resource-metrics.json,end_timestamp,2026-03-21T20:41:35Z,str
6,1,2026-03-21T13:44:10.589507,resource-metrics.json,duration_seconds,3.55555,float
6,1,2026-03-21T13:44:10.589508,resource-metrics.json,search_budget_seconds,120,int
6,1,2026-03-21T13:44:10.589510,resource-metrics.json,cpu_average_percent,0,int
6,1,2026-03-21T13:44:10.589512,resource-metrics.json,memory_peak_mb,0,int
6,1,2026-03-21T13:44:10.589513,resource-metrics.json,tests_generated,0,int
6,1,2026-03-21T13:44:10.589514,resource-metrics.json,test_methods,0,int
6,1,2026-03-21T13:44:10.589515,resource-metrics.json,assertions,0,int
6,1,2026-03-21T13:44:10.589517,resource-metrics.json,coverage,N/A,str
6,1,2026-03-21T13:44:10.589518,resource-metrics.json,total_goals,N/A,str
6,1,2026-03-21T13:44:10.589519,resource-metrics.json,covered_goals,N/A,str
6,1,2026-03-21T13:44:10.589556,exit-status.json,endpoint_id,6,int
6,1,2026-03-21T13:44:10.589559,exit-status.json,run_number,1,int
6,1,2026-03-21T13:44:10.589560,exit-status.json,generation_status,FAILED,str
6,1,2026-03-21T13:44:10.589562,exit-status.json,exit_code,1,int
6,1,2026-03-21T13:44:10.589563,exit-status.json,timed_out,False,bool
6,1,2026-03-21T13:44:10.589564,exit-status.json,hung_up,False,bool
6,1,2026-03-21T13:44:10.589565,exit-status.json,error_type,NO_CLASS_FILES,str
6,1,2026-03-21T13:44:10.589566,exit-status.json,error_message,"No class files generated - compilation failed: [ERROR] /project/src/main/java/com/yas/sampledata/controller/SampleDataController.java:[4,36] package com.yas.sampledata.viewmodel does not exist [ERROR] /project/src/main/java/com/yas/sampledata/controller/SampleDataController.java:[5,36] package com.yas.sampledata.viewmodel does not exist [ERROR] /project/src/main/java/com/yas/sampledata/controller/SampleDataController.java:[6,37] package io.swagger.v3.oas.annotations does not exist  ",str
6,1,2026-03-21T13:44:10.589567,exit-status.json,runs_without_error,False,bool
6,1,2026-03-21T13:44:10.589568,exit-status.json,threw_errors,True,bool
6,1,2026-03-21T13:44:10.589569,exit-status.json,error_counts,"{'total_errors': 23, 'missing_packages': 8, 'cannot_find_symbol': 15}",dict
6,1,2026-03-21T13:44:10.589571,exit-status.json,error_details_file,error-details.txt,str
6,2,2026-03-21T13:44:10.589628,resource-metrics.json,endpoint_id,6,int
6,2,2026-03-21T13:44:10.589631,resource-metrics.json,run_number,2,int
6,2,2026-03-21T13:44:10.589633,resource-metrics.json,start_timestamp,2026-03-21T20:41:41Z,str
6,2,2026-03-21T13:44:10.589634,resource-metrics.json,end_timestamp,2026-03-21T20:41:44Z,str
6,2,2026-03-21T13:44:10.589635,resource-metrics.json,duration_seconds,3.015245,float
6,2,2026-03-21T13:44:10.589636,resource-metrics.json,search_budget_seconds,120,int
6,2,2026-03-21T13:44:10.589637,resource-metrics.json,cpu_average_percent,0,int
6,2,2026-03-21T13:44:10.589638,resource-metrics.json,memory_peak_mb,0,int
6,2,2026-03-21T13:44:10.589639,resource-metrics.json,tests_generated,0,int
6,2,2026-03-21T13:44:10.589641,resource-metrics.json,test_methods,0,int
6,2,2026-03-21T13:44:10.589642,resource-metrics.json,assertions,0,int
6,2,2026-03-21T13:44:10.589643,resource-metrics.json,coverage,N/A,str
6,2,2026-03-21T13:44:10.589644,resource-metrics.json,total_goals,N/A,str
6,2,2026-03-21T13:44:10.589645,resource-metrics.json,covered_goals,N/A,str
6,2,2026-03-21T13:44:10.589671,exit-status.json,endpoint_id,6,int
6,2,2026-03-21T13:44:10.589675,exit-status.json,run_number,2,int
6,2,2026-03-21T13:44:10.589676,exit-status.json,generation_status,FAILED,str
6,2,2026-03-21T13:44:10.589677,exit-status.json,exit_code,1,int
6,2,2026-03-21T13:44:10.589678,exit-status.json,timed_out,False,bool
6,2,2026-03-21T13:44:10.589679,exit-status.json,hung_up,False,bool
6,2,2026-03-21T13:44:10.589680,exit-status.json,error_type,NO_CLASS_FILES,str
6,2,2026-03-21T13:44:10.589681,exit-status.json,error_message,"No class files generated - compilation failed: [ERROR] /project/src/main/java/com/yas/sampledata/controller/SampleDataController.java:[4,36] package com.yas.sampledata.viewmodel does not exist [ERROR] /project/src/main/java/com/yas/sampledata/controller/SampleDataController.java:[5,36] package com.yas.sampledata.viewmodel does not exist [ERROR] /project/src/main/java/com/yas/sampledata/controller/SampleDataController.java:[6,37] package io.swagger.v3.oas.annotations does not exist  ",str
6,2,2026-03-21T13:44:10.589683,exit-status.json,runs_without_error,False,bool
6,2,2026-03-21T13:44:10.589684,exit-status.json,threw_errors,True,bool
6,2,2026-03-21T13:44:10.589685,exit-status.json,error_counts,"{'total_errors': 23, 'missing_packages': 8, 'cannot_find_symbol': 15}",dict
6,2,2026-03-21T13:44:10.589686,exit-status.json,error_details_file,error-details.txt,str
6,3,2026-03-21T13:44:10.589743,resource-metrics.json,endpoint_id,6,int
6,3,2026-03-21T13:44:10.589748,resource-metrics.json,run_number,3,int
6,3,2026-03-21T13:44:10.589749,resource-metrics.json,start_timestamp,2026-03-21T20:41:49Z,str
6,3,2026-03-21T13:44:10.589750,resource-metrics.json,end_timestamp,2026-03-21T20:41:52Z,str
6,3,2026-03-21T13:44:10.589751,resource-metrics.json,duration_seconds,3.569519,float
6,3,2026-03-21T13:44:10.589753,resource-metrics.json,search_budget_seconds,120,int
6,3,2026-03-21T13:44:10.589754,resource-metrics.json,cpu_average_percent,0,int
6,3,2026-03-21T13:44:10.589755,resource-metrics.json,memory_peak_mb,0,int
6,3,2026-03-21T13:44:10.589756,resource-metrics.json,tests_generated,0,int
6,3,2026-03-21T13:44:10.589757,resource-metrics.json,test_methods,0,int
6,3,2026-03-21T13:44:10.589758,resource-metrics.json,assertions,0,int
6,3,2026-03-21T13:44:10.589759,resource-metrics.json,coverage,N/A,str
6,3,2026-03-21T13:44:10.589761,resource-metrics.json,total_goals,N/A,str
6,3,2026-03-21T13:44:10.589762,resource-metrics.json,covered_goals,N/A,str
6,3,2026-03-21T13:44:10.589788,exit-status.json,endpoint_id,6,int
6,3,2026-03-21T13:44:10.589792,exit-status.json,run_number,3,int
6,3,2026-03-21T13:44:10.589793,exit-status.json,generation_status,FAILED,str
6,3,2026-03-21T13:44:10.589795,exit-status.json,exit_code,1,int
6,3,2026-03-21T13:44:10.589796,exit-status.json,timed_out,False,bool
6,3,2026-03-21T13:44:10.589797,exit-status.json,hung_up,False,bool
6,3,2026-03-21T13:44:10.589798,exit-status.json,error_type,NO_CLASS_FILES,str
6,3,2026-03-21T13:44:10.589799,exit-status.json,error_message,"No class files generated - compilation failed: [ERROR] /project/src/main/java/com/yas/sampledata/controller/SampleDataController.java:[4,36] package com.yas.sampledata.viewmodel does not exist [ERROR] /project/src/main/java/com/yas/sampledata/controller/SampleDataController.java:[5,36] package com.yas.sampledata.viewmodel does not exist [ERROR] /project/src/main/java/com/yas/sampledata/controller/SampleDataController.java:[6,37] package io.swagger.v3.oas.annotations does not exist  ",str
6,3,2026-03-21T13:44:10.589800,exit-status.json,runs_without_error,False,bool
6,3,2026-03-21T13:44:10.589801,exit-status.json,threw_errors,True,bool
6,3,2026-03-21T13:44:10.589802,exit-status.json,error_counts,"{'total_errors': 23, 'missing_packages': 8, 'cannot_find_symbol': 15}",dict
6,3,2026-03-21T13:44:10.589804,exit-status.json,error_details_file,error-details.txt,str
7,1,2026-03-21T13:44:10.589897,resource-metrics.json,endpoint_id,7,int
7,1,2026-03-21T13:44:10.589901,resource-metrics.json,run_number,1,int
7,1,2026-03-21T13:44:10.589902,resource-metrics.json,start_timestamp,2026-03-21T20:42:03Z,str
7,1,2026-03-21T13:44:10.589904,resource-metrics.json,end_timestamp,2026-03-21T20:42:06Z,str
7,1,2026-03-21T13:44:10.589905,resource-metrics.json,duration_seconds,3.666049,float
7,1,2026-03-21T13:44:10.589906,resource-metrics.json,search_budget_seconds,120,int
7,1,2026-03-21T13:44:10.589907,resource-metrics.json,cpu_average_percent,0,int
7,1,2026-03-21T13:44:10.589908,resource-metrics.json,memory_peak_mb,0,int
7,1,2026-03-21T13:44:10.589909,resource-metrics.json,tests_generated,0,int
7,1,2026-03-21T13:44:10.589911,resource-metrics.json,test_methods,0,int
7,1,2026-03-21T13:44:10.589912,resource-metrics.json,assertions,0,int
7,1,2026-03-21T13:44:10.589913,resource-metrics.json,coverage,N/A,str
7,1,2026-03-21T13:44:10.589914,resource-metrics.json,total_goals,N/A,str
7,1,2026-03-21T13:44:10.589915,resource-metrics.json,covered_goals,N/A,str
7,1,2026-03-21T13:44:10.589944,exit-status.json,endpoint_id,7,int
7,1,2026-03-21T13:44:10.589948,exit-status.json,run_number,1,int
7,1,2026-03-21T13:44:10.589949,exit-status.json,generation_status,FAILED,str
7,1,2026-03-21T13:44:10.589950,exit-status.json,exit_code,1,int
7,1,2026-03-21T13:44:10.589952,exit-status.json,timed_out,False,bool
7,1,2026-03-21T13:44:10.589953,exit-status.json,hung_up,False,bool
7,1,2026-03-21T13:44:10.589954,exit-status.json,error_type,NO_CLASS_FILES,str
7,1,2026-03-21T13:44:10.589955,exit-status.json,error_message,"No class files generated - compilation failed: [ERROR] /project/src/main/java/com/yas/rating/config/DatabaseAutoConfig.java:[4,58] package org.springframework.boot.persistence.autoconfigure does not exist [ERROR] /project/src/main/java/com/yas/rating/config/DatabaseAutoConfig.java:[15,2] cannot find symbol [ERROR] /project/src/main/java/com/yas/rating/service/RatingService.java:[3,39] package com.yas.commonlibrary.exception does not exist  ",str
7,1,2026-03-21T13:44:10.589956,exit-status.json,runs_without_error,False,bool
7,1,2026-03-21T13:44:10.589957,exit-status.json,threw_errors,True,bool
7,1,2026-03-21T13:44:10.589958,exit-status.json,error_counts,"{'total_errors': 59, 'missing_packages': 25, 'cannot_find_symbol': 34}",dict
7,1,2026-03-21T13:44:10.589960,exit-status.json,error_details_file,error-details.txt,str
7,2,2026-03-21T13:44:10.590022,resource-metrics.json,endpoint_id,7,int
7,2,2026-03-21T13:44:10.590026,resource-metrics.json,run_number,2,int
7,2,2026-03-21T13:44:10.590027,resource-metrics.json,start_timestamp,2026-03-21T20:42:11Z,str
7,2,2026-03-21T13:44:10.590028,resource-metrics.json,end_timestamp,2026-03-21T20:42:16Z,str
7,2,2026-03-21T13:44:10.590029,resource-metrics.json,duration_seconds,4.155285,float
7,2,2026-03-21T13:44:10.590030,resource-metrics.json,search_budget_seconds,120,int
7,2,2026-03-21T13:44:10.590032,resource-metrics.json,cpu_average_percent,0,int
7,2,2026-03-21T13:44:10.590033,resource-metrics.json,memory_peak_mb,0,int
7,2,2026-03-21T13:44:10.590034,resource-metrics.json,tests_generated,0,int
7,2,2026-03-21T13:44:10.590035,resource-metrics.json,test_methods,0,int
7,2,2026-03-21T13:44:10.590036,resource-metrics.json,assertions,0,int
7,2,2026-03-21T13:44:10.590037,resource-metrics.json,coverage,N/A,str
7,2,2026-03-21T13:44:10.590039,resource-metrics.json,total_goals,N/A,str
7,2,2026-03-21T13:44:10.590040,resource-metrics.json,covered_goals,N/A,str
7,2,2026-03-21T13:44:10.590073,exit-status.json,endpoint_id,7,int
7,2,2026-03-21T13:44:10.590077,exit-status.json,run_number,2,int
7,2,2026-03-21T13:44:10.590078,exit-status.json,generation_status,FAILED,str
7,2,2026-03-21T13:44:10.590079,exit-status.json,exit_code,1,int
7,2,2026-03-21T13:44:10.590080,exit-status.json,timed_out,False,bool
7,2,2026-03-21T13:44:10.590081,exit-status.json,hung_up,False,bool
7,2,2026-03-21T13:44:10.590083,exit-status.json,error_type,NO_CLASS_FILES,str
7,2,2026-03-21T13:44:10.590084,exit-status.json,error_message,"No class files generated - compilation failed: [ERROR] /project/src/main/java/com/yas/rating/config/DatabaseAutoConfig.java:[4,58] package org.springframework.boot.persistence.autoconfigure does not exist [ERROR] /project/src/main/java/com/yas/rating/config/DatabaseAutoConfig.java:[15,2] cannot find symbol [ERROR] /project/src/main/java/com/yas/rating/service/RatingService.java:[3,39] package com.yas.commonlibrary.exception does not exist  ",str
7,2,2026-03-21T13:44:10.590085,exit-status.json,runs_without_error,False,bool
7,2,2026-03-21T13:44:10.590086,exit-status.json,threw_errors,True,bool
7,2,2026-03-21T13:44:10.590087,exit-status.json,error_counts,"{'total_errors': 59, 'missing_packages': 25, 'cannot_find_symbol': 34}",dict
7,2,2026-03-21T13:44:10.590089,exit-status.json,error_details_file,error-details.txt,str
7,3,2026-03-21T13:44:10.590157,resource-metrics.json,endpoint_id,7,int
7,3,2026-03-21T13:44:10.590160,resource-metrics.json,run_number,3,int
7,3,2026-03-21T13:44:10.590162,resource-metrics.json,start_timestamp,2026-03-21T20:42:21Z,str
7,3,2026-03-21T13:44:10.590163,resource-metrics.json,end_timestamp,2026-03-21T20:42:24Z,str
7,3,2026-03-21T13:44:10.590164,resource-metrics.json,duration_seconds,3.474032,float
7,3,2026-03-21T13:44:10.590166,resource-metrics.json,search_budget_seconds,120,int
7,3,2026-03-21T13:44:10.590167,resource-metrics.json,cpu_average_percent,0,int
7,3,2026-03-21T13:44:10.590168,resource-metrics.json,memory_peak_mb,0,int
7,3,2026-03-21T13:44:10.590169,resource-metrics.json,tests_generated,0,int
7,3,2026-03-21T13:44:10.590170,resource-metrics.json,test_methods,0,int
7,3,2026-03-21T13:44:10.590171,resource-metrics.json,assertions,0,int
7,3,2026-03-21T13:44:10.590172,resource-metrics.json,coverage,N/A,str
7,3,2026-03-21T13:44:10.590174,resource-metrics.json,total_goals,N/A,str
7,3,2026-03-21T13:44:10.590175,resource-metrics.json,covered_goals,N/A,str
7,3,2026-03-21T13:44:10.590210,exit-status.json,endpoint_id,7,int
7,3,2026-03-21T13:44:10.590214,exit-status.json,run_number,3,int
7,3,2026-03-21T13:44:10.590215,exit-status.json,generation_status,FAILED,str
7,3,2026-03-21T13:44:10.590216,exit-status.json,exit_code,1,int
7,3,2026-03-21T13:44:10.590217,exit-status.json,timed_out,False,bool
7,3,2026-03-21T13:44:10.590219,exit-status.json,hung_up,False,bool
7,3,2026-03-21T13:44:10.590220,exit-status.json,error_type,NO_CLASS_FILES,str
7,3,2026-03-21T13:44:10.590221,exit-status.json,error_message,"No class files generated - compilation failed: [ERROR] /project/src/main/java/com/yas/rating/config/DatabaseAutoConfig.java:[4,58] package org.springframework.boot.persistence.autoconfigure does not exist [ERROR] /project/src/main/java/com/yas/rating/config/DatabaseAutoConfig.java:[15,2] cannot find symbol [ERROR] /project/src/main/java/com/yas/rating/service/RatingService.java:[3,39] package com.yas.commonlibrary.exception does not exist  ",str
7,3,2026-03-21T13:44:10.590222,exit-status.json,runs_without_error,False,bool
7,3,2026-03-21T13:44:10.590225,exit-status.json,threw_errors,True,bool
7,3,2026-03-21T13:44:10.590226,exit-status.json,error_counts,"{'total_errors': 59, 'missing_packages': 25, 'cannot_find_symbol': 34}",dict
7,3,2026-03-21T13:44:10.590228,exit-status.json,error_details_file,error-details.txt,str
8,1,2026-03-21T13:44:10.590324,resource-metrics.json,endpoint_id,8,int
8,1,2026-03-21T13:44:10.590327,resource-metrics.json,run_number,1,int
8,1,2026-03-21T13:44:10.590328,resource-metrics.json,start_timestamp,2026-03-21T20:42:34Z,str
8,1,2026-03-21T13:44:10.590330,resource-metrics.json,end_timestamp,2026-03-21T20:42:38Z,str
8,1,2026-03-21T13:44:10.590331,resource-metrics.json,duration_seconds,3.918896,float
8,1,2026-03-21T13:44:10.590332,resource-metrics.json,search_budget_seconds,120,int
8,1,2026-03-21T13:44:10.590333,resource-metrics.json,cpu_average_percent,0,int
8,1,2026-03-21T13:44:10.590334,resource-metrics.json,memory_peak_mb,0,int
8,1,2026-03-21T13:44:10.590335,resource-metrics.json,tests_generated,0,int
8,1,2026-03-21T13:44:10.590337,resource-metrics.json,test_methods,0,int
8,1,2026-03-21T13:44:10.590338,resource-metrics.json,assertions,0,int
8,1,2026-03-21T13:44:10.590339,resource-metrics.json,coverage,N/A,str
8,1,2026-03-21T13:44:10.590340,resource-metrics.json,total_goals,N/A,str
8,1,2026-03-21T13:44:10.590341,resource-metrics.json,covered_goals,N/A,str
8,1,2026-03-21T13:44:10.590371,exit-status.json,endpoint_id,8,int
8,1,2026-03-21T13:44:10.590374,exit-status.json,run_number,1,int
8,1,2026-03-21T13:44:10.590376,exit-status.json,generation_status,FAILED,str
8,1,2026-03-21T13:44:10.590377,exit-status.json,exit_code,1,int
8,1,2026-03-21T13:44:10.590378,exit-status.json,timed_out,False,bool
8,1,2026-03-21T13:44:10.590379,exit-status.json,hung_up,False,bool
8,1,2026-03-21T13:44:10.590380,exit-status.json,error_type,NO_CLASS_FILES,str
8,1,2026-03-21T13:44:10.590381,exit-status.json,error_message,"No class files generated - compilation failed: [ERROR] /project/src/main/java/com/yas/inventory/controller/StockHistoryController.java:[5,48] package com.yas.inventory.viewmodel.stockhistory does not exist [ERROR] /project/src/main/java/com/yas/inventory/service/StockHistoryService.java:[6,43] package com.yas.inventory.viewmodel.product does not exist [ERROR] /project/src/main/java/com/yas/inventory/service/StockHistoryService.java:[7,41] package com.yas.inventory.viewmodel.stock does not exist ",str
8,1,2026-03-21T13:44:10.590382,exit-status.json,runs_without_error,False,bool
8,1,2026-03-21T13:44:10.590383,exit-status.json,threw_errors,True,bool
8,1,2026-03-21T13:44:10.590384,exit-status.json,error_counts,"{'total_errors': 100, 'missing_packages': 55, 'cannot_find_symbol': 45}",dict
8,1,2026-03-21T13:44:10.590386,exit-status.json,error_details_file,error-details.txt,str
8,2,2026-03-21T13:44:10.590453,resource-metrics.json,endpoint_id,8,int
8,2,2026-03-21T13:44:10.590456,resource-metrics.json,run_number,2,int
8,2,2026-03-21T13:44:10.590458,resource-metrics.json,start_timestamp,2026-03-21T20:42:44Z,str
8,2,2026-03-21T13:44:10.590459,resource-metrics.json,end_timestamp,2026-03-21T20:42:47Z,str
8,2,2026-03-21T13:44:10.590460,resource-metrics.json,duration_seconds,3.880647,float
8,2,2026-03-21T13:44:10.590461,resource-metrics.json,search_budget_seconds,120,int
8,2,2026-03-21T13:44:10.590462,resource-metrics.json,cpu_average_percent,0,int
8,2,2026-03-21T13:44:10.590463,resource-metrics.json,memory_peak_mb,0,int
8,2,2026-03-21T13:44:10.590465,resource-metrics.json,tests_generated,0,int
8,2,2026-03-21T13:44:10.590466,resource-metrics.json,test_methods,0,int
8,2,2026-03-21T13:44:10.590467,resource-metrics.json,assertions,0,int
8,2,2026-03-21T13:44:10.590468,resource-metrics.json,coverage,N/A,str
8,2,2026-03-21T13:44:10.590469,resource-metrics.json,total_goals,N/A,str
8,2,2026-03-21T13:44:10.590470,resource-metrics.json,covered_goals,N/A,str
8,2,2026-03-21T13:44:10.590497,exit-status.json,endpoint_id,8,int
8,2,2026-03-21T13:44:10.590500,exit-status.json,run_number,2,int
8,2,2026-03-21T13:44:10.590501,exit-status.json,generation_status,FAILED,str
8,2,2026-03-21T13:44:10.590502,exit-status.json,exit_code,1,int
8,2,2026-03-21T13:44:10.590504,exit-status.json,timed_out,False,bool
8,2,2026-03-21T13:44:10.590505,exit-status.json,hung_up,False,bool
8,2,2026-03-21T13:44:10.590506,exit-status.json,error_type,NO_CLASS_FILES,str
8,2,2026-03-21T13:44:10.590507,exit-status.json,error_message,"No class files generated - compilation failed: [ERROR] /project/src/main/java/com/yas/inventory/controller/StockHistoryController.java:[5,48] package com.yas.inventory.viewmodel.stockhistory does not exist [ERROR] /project/src/main/java/com/yas/inventory/service/StockHistoryService.java:[6,43] package com.yas.inventory.viewmodel.product does not exist [ERROR] /project/src/main/java/com/yas/inventory/service/StockHistoryService.java:[7,41] package com.yas.inventory.viewmodel.stock does not exist ",str
8,2,2026-03-21T13:44:10.590508,exit-status.json,runs_without_error,False,bool
8,2,2026-03-21T13:44:10.590510,exit-status.json,threw_errors,True,bool
8,2,2026-03-21T13:44:10.590511,exit-status.json,error_counts,"{'total_errors': 100, 'missing_packages': 55, 'cannot_find_symbol': 45}",dict
8,2,2026-03-21T13:44:10.590512,exit-status.json,error_details_file,error-details.txt,str
8,3,2026-03-21T13:44:10.590569,resource-metrics.json,endpoint_id,8,int
8,3,2026-03-21T13:44:10.590573,resource-metrics.json,run_number,3,int
8,3,2026-03-21T13:44:10.590574,resource-metrics.json,start_timestamp,2026-03-21T20:42:53Z,str
8,3,2026-03-21T13:44:10.590576,resource-metrics.json,end_timestamp,2026-03-21T20:42:56Z,str
8,3,2026-03-21T13:44:10.590578,resource-metrics.json,duration_seconds,3.872979,float
8,3,2026-03-21T13:44:10.590579,resource-metrics.json,search_budget_seconds,120,int
8,3,2026-03-21T13:44:10.590580,resource-metrics.json,cpu_average_percent,0,int
8,3,2026-03-21T13:44:10.590581,resource-metrics.json,memory_peak_mb,0,int
8,3,2026-03-21T13:44:10.590582,resource-metrics.json,tests_generated,0,int
8,3,2026-03-21T13:44:10.590583,resource-metrics.json,test_methods,0,int
8,3,2026-03-21T13:44:10.590584,resource-metrics.json,assertions,0,int
8,3,2026-03-21T13:44:10.590585,resource-metrics.json,coverage,N/A,str
8,3,2026-03-21T13:44:10.590587,resource-metrics.json,total_goals,N/A,str
8,3,2026-03-21T13:44:10.590588,resource-metrics.json,covered_goals,N/A,str
8,3,2026-03-21T13:44:10.590614,exit-status.json,endpoint_id,8,int
8,3,2026-03-21T13:44:10.590618,exit-status.json,run_number,3,int
8,3,2026-03-21T13:44:10.590619,exit-status.json,generation_status,FAILED,str
8,3,2026-03-21T13:44:10.590620,exit-status.json,exit_code,1,int
8,3,2026-03-21T13:44:10.590621,exit-status.json,timed_out,False,bool
8,3,2026-03-21T13:44:10.590622,exit-status.json,hung_up,False,bool
8,3,2026-03-21T13:44:10.590623,exit-status.json,error_type,NO_CLASS_FILES,str
8,3,2026-03-21T13:44:10.590624,exit-status.json,error_message,"No class files generated - compilation failed: [ERROR] /project/src/main/java/com/yas/inventory/controller/StockHistoryController.java:[5,48] package com.yas.inventory.viewmodel.stockhistory does not exist [ERROR] /project/src/main/java/com/yas/inventory/service/StockHistoryService.java:[6,43] package com.yas.inventory.viewmodel.product does not exist [ERROR] /project/src/main/java/com/yas/inventory/service/StockHistoryService.java:[7,41] package com.yas.inventory.viewmodel.stock does not exist ",str
8,3,2026-03-21T13:44:10.590626,exit-status.json,runs_without_error,False,bool
8,3,2026-03-21T13:44:10.590627,exit-status.json,threw_errors,True,bool
8,3,2026-03-21T13:44:10.590628,exit-status.json,error_counts,"{'total_errors': 100, 'missing_packages': 55, 'cannot_find_symbol': 45}",dict
8,3,2026-03-21T13:44:10.590629,exit-status.json,error_details_file,error-details.txt,str
9,1,2026-03-21T13:44:10.590719,resource-metrics.json,endpoint_id,9,int
9,1,2026-03-21T13:44:10.590722,resource-metrics.json,run_number,1,int
9,1,2026-03-21T13:44:10.590724,resource-metrics.json,start_timestamp,2026-03-21T20:43:07Z,str
9,1,2026-03-21T13:44:10.590725,resource-metrics.json,end_timestamp,2026-03-21T20:43:14Z,str
9,1,2026-03-21T13:44:10.590726,resource-metrics.json,duration_seconds,7.767795,float
9,1,2026-03-21T13:44:10.590727,resource-metrics.json,search_budget_seconds,120,int
9,1,2026-03-21T13:44:10.590728,resource-metrics.json,cpu_average_percent,280.78,float
9,1,2026-03-21T13:44:10.590730,resource-metrics.json,memory_peak_mb,496.1,float
9,1,2026-03-21T13:44:10.590731,resource-metrics.json,tests_generated,0,int
9,1,2026-03-21T13:44:10.590732,resource-metrics.json,test_methods,0,int
9,1,2026-03-21T13:44:10.590733,resource-metrics.json,assertions,0,int
9,1,2026-03-21T13:44:10.590734,resource-metrics.json,coverage,N/A,str
9,1,2026-03-21T13:44:10.590735,resource-metrics.json,total_goals,N/A,str
9,1,2026-03-21T13:44:10.590736,resource-metrics.json,covered_goals,N/A,str
9,1,2026-03-21T13:44:10.590766,exit-status.json,endpoint_id,9,int
9,1,2026-03-21T13:44:10.590770,exit-status.json,run_number,1,int
9,1,2026-03-21T13:44:10.590771,exit-status.json,generation_status,FAILED,str
9,1,2026-03-21T13:44:10.590772,exit-status.json,exit_code,1,int
9,1,2026-03-21T13:44:10.590774,exit-status.json,timed_out,False,bool
9,1,2026-03-21T13:44:10.590775,exit-status.json,hung_up,False,bool
9,1,2026-03-21T13:44:10.590776,exit-status.json,error_type,NO_CLASS_FILES,str
9,1,2026-03-21T13:44:10.590777,exit-status.json,error_message,"No class files generated - compilation failed: [ERROR] /project/src/main/java/com/yas/product/model/Category.java:[4,35] package com.yas.commonlibrary.model does not exist [ERROR] /project/src/main/java/com/yas/product/model/Category.java:[28,31] cannot find symbol [ERROR] /project/src/main/java/com/yas/product/model/Product.java:[4,35] package com.yas.commonlibrary.model does not exist  ",str
9,1,2026-03-21T13:44:10.590778,exit-status.json,runs_without_error,False,bool
9,1,2026-03-21T13:44:10.590779,exit-status.json,threw_errors,True,bool
9,1,2026-03-21T13:44:10.590780,exit-status.json,error_counts,"{'total_errors': 100, 'missing_packages': 39, 'cannot_find_symbol': 61}",dict
9,1,2026-03-21T13:44:10.590781,exit-status.json,error_details_file,error-details.txt,str
9,2,2026-03-21T13:44:10.590842,resource-metrics.json,endpoint_id,9,int
9,2,2026-03-21T13:44:10.590845,resource-metrics.json,run_number,2,int
9,2,2026-03-21T13:44:10.590847,resource-metrics.json,start_timestamp,2026-03-21T20:43:20Z,str
9,2,2026-03-21T13:44:10.590848,resource-metrics.json,end_timestamp,2026-03-21T20:43:26Z,str
9,2,2026-03-21T13:44:10.590849,resource-metrics.json,duration_seconds,6.138017,float
9,2,2026-03-21T13:44:10.590850,resource-metrics.json,search_budget_seconds,120,int
9,2,2026-03-21T13:44:10.590851,resource-metrics.json,cpu_average_percent,0,int
9,2,2026-03-21T13:44:10.590852,resource-metrics.json,memory_peak_mb,0,int
9,2,2026-03-21T13:44:10.590853,resource-metrics.json,tests_generated,0,int
9,2,2026-03-21T13:44:10.590855,resource-metrics.json,test_methods,0,int
9,2,2026-03-21T13:44:10.590856,resource-metrics.json,assertions,0,int
9,2,2026-03-21T13:44:10.590857,resource-metrics.json,coverage,N/A,str
9,2,2026-03-21T13:44:10.590858,resource-metrics.json,total_goals,N/A,str
9,2,2026-03-21T13:44:10.590859,resource-metrics.json,covered_goals,N/A,str
9,2,2026-03-21T13:44:10.590889,exit-status.json,endpoint_id,9,int
9,2,2026-03-21T13:44:10.590892,exit-status.json,run_number,2,int
9,2,2026-03-21T13:44:10.590894,exit-status.json,generation_status,FAILED,str
9,2,2026-03-21T13:44:10.590895,exit-status.json,exit_code,1,int
9,2,2026-03-21T13:44:10.590896,exit-status.json,timed_out,False,bool
9,2,2026-03-21T13:44:10.590897,exit-status.json,hung_up,False,bool
9,2,2026-03-21T13:44:10.590898,exit-status.json,error_type,NO_CLASS_FILES,str
9,2,2026-03-21T13:44:10.590899,exit-status.json,error_message,"No class files generated - compilation failed: [ERROR] /project/src/main/java/com/yas/product/model/Category.java:[4,35] package com.yas.commonlibrary.model does not exist [ERROR] /project/src/main/java/com/yas/product/model/Category.java:[28,31] cannot find symbol [ERROR] /project/src/main/java/com/yas/product/model/Product.java:[4,35] package com.yas.commonlibrary.model does not exist  ",str
9,2,2026-03-21T13:44:10.590900,exit-status.json,runs_without_error,False,bool
9,2,2026-03-21T13:44:10.590901,exit-status.json,threw_errors,True,bool
9,2,2026-03-21T13:44:10.590902,exit-status.json,error_counts,"{'total_errors': 100, 'missing_packages': 39, 'cannot_find_symbol': 61}",dict
9,2,2026-03-21T13:44:10.590904,exit-status.json,error_details_file,error-details.txt,str
9,3,2026-03-21T13:44:10.590962,resource-metrics.json,endpoint_id,9,int
9,3,2026-03-21T13:44:10.590966,resource-metrics.json,run_number,3,int
9,3,2026-03-21T13:44:10.590967,resource-metrics.json,start_timestamp,2026-03-21T20:43:31Z,str
9,3,2026-03-21T13:44:10.590968,resource-metrics.json,end_timestamp,2026-03-21T20:43:37Z,str
9,3,2026-03-21T13:44:10.590969,resource-metrics.json,duration_seconds,6.018567,float
9,3,2026-03-21T13:44:10.590970,resource-metrics.json,search_budget_seconds,120,int
9,3,2026-03-21T13:44:10.590972,resource-metrics.json,cpu_average_percent,0,int
9,3,2026-03-21T13:44:10.590973,resource-metrics.json,memory_peak_mb,0,int
9,3,2026-03-21T13:44:10.590974,resource-metrics.json,tests_generated,0,int
9,3,2026-03-21T13:44:10.590975,resource-metrics.json,test_methods,0,int
9,3,2026-03-21T13:44:10.590976,resource-metrics.json,assertions,0,int
9,3,2026-03-21T13:44:10.590977,resource-metrics.json,coverage,N/A,str
9,3,2026-03-21T13:44:10.590978,resource-metrics.json,total_goals,N/A,str
9,3,2026-03-21T13:44:10.590979,resource-metrics.json,covered_goals,N/A,str
9,3,2026-03-21T13:44:10.591005,exit-status.json,endpoint_id,9,int
9,3,2026-03-21T13:44:10.591009,exit-status.json,run_number,3,int
9,3,2026-03-21T13:44:10.591010,exit-status.json,generation_status,FAILED,str
9,3,2026-03-21T13:44:10.591011,exit-status.json,exit_code,1,int
9,3,2026-03-21T13:44:10.591012,exit-status.json,timed_out,False,bool
9,3,2026-03-21T13:44:10.591013,exit-status.json,hung_up,False,bool
9,3,2026-03-21T13:44:10.591015,exit-status.json,error_type,NO_CLASS_FILES,str
9,3,2026-03-21T13:44:10.591016,exit-status.json,error_message,"No class files generated - compilation failed: [ERROR] /project/src/main/java/com/yas/product/model/Category.java:[4,35] package com.yas.commonlibrary.model does not exist [ERROR] /project/src/main/java/com/yas/product/model/Category.java:[28,31] cannot find symbol [ERROR] /project/src/main/java/com/yas/product/model/Product.java:[4,35] package com.yas.commonlibrary.model does not exist  ",str
9,3,2026-03-21T13:44:10.591017,exit-status.json,runs_without_error,False,bool
9,3,2026-03-21T13:44:10.591018,exit-status.json,threw_errors,True,bool
9,3,2026-03-21T13:44:10.591019,exit-status.json,error_counts,"{'total_errors': 100, 'missing_packages': 39, 'cannot_find_symbol': 61}",dict
9,3,2026-03-21T13:44:10.591020,exit-status.json,error_details_file,error-details.txt,str
10,1,2026-03-21T13:44:10.591113,resource-metrics.json,endpoint_id,10,int
10,1,2026-03-21T13:44:10.591117,resource-metrics.json,run_number,1,int
10,1,2026-03-21T13:44:10.591118,resource-metrics.json,start_timestamp,2026-03-21T20:43:48Z,str
10,1,2026-03-21T13:44:10.591119,resource-metrics.json,end_timestamp,2026-03-21T20:43:52Z,str
10,1,2026-03-21T13:44:10.591120,resource-metrics.json,duration_seconds,4.1857,float
10,1,2026-03-21T13:44:10.591122,resource-metrics.json,search_budget_seconds,120,int
10,1,2026-03-21T13:44:10.591123,resource-metrics.json,cpu_average_percent,0,int
10,1,2026-03-21T13:44:10.591124,resource-metrics.json,memory_peak_mb,0,int
10,1,2026-03-21T13:44:10.591125,resource-metrics.json,tests_generated,0,int
10,1,2026-03-21T13:44:10.591126,resource-metrics.json,test_methods,0,int
10,1,2026-03-21T13:44:10.591127,resource-metrics.json,assertions,0,int
10,1,2026-03-21T13:44:10.591128,resource-metrics.json,coverage,N/A,str
10,1,2026-03-21T13:44:10.591129,resource-metrics.json,total_goals,N/A,str
10,1,2026-03-21T13:44:10.591131,resource-metrics.json,covered_goals,N/A,str
10,1,2026-03-21T13:44:10.591159,exit-status.json,endpoint_id,10,int
10,1,2026-03-21T13:44:10.591162,exit-status.json,run_number,1,int
10,1,2026-03-21T13:44:10.591164,exit-status.json,generation_status,FAILED,str
10,1,2026-03-21T13:44:10.591165,exit-status.json,exit_code,1,int
10,1,2026-03-21T13:44:10.591166,exit-status.json,timed_out,False,bool
10,1,2026-03-21T13:44:10.591167,exit-status.json,hung_up,False,bool
10,1,2026-03-21T13:44:10.591168,exit-status.json,error_type,NO_CLASS_FILES,str
10,1,2026-03-21T13:44:10.591169,exit-status.json,error_message,"No class files generated - compilation failed: [ERROR] /project/src/main/java/com/yas/location/controller/StateOrProvinceController.java:[6,40] package com.yas.location.viewmodel.error does not exist [ERROR] /project/src/main/java/com/yas/location/controller/StateOrProvinceController.java:[7,50] package com.yas.location.viewmodel.stateorprovince does not exist [ERROR] /project/src/main/java/com/yas/location/controller/StateOrProvinceController.java:[8,50] package com.yas.location.viewmodel.state",str
10,1,2026-03-21T13:44:10.591170,exit-status.json,runs_without_error,False,bool
10,1,2026-03-21T13:44:10.591171,exit-status.json,threw_errors,True,bool
10,1,2026-03-21T13:44:10.591172,exit-status.json,error_counts,"{'total_errors': 100, 'missing_packages': 53, 'cannot_find_symbol': 47}",dict
10,1,2026-03-21T13:44:10.591174,exit-status.json,error_details_file,error-details.txt,str
10,2,2026-03-21T13:44:10.591230,resource-metrics.json,endpoint_id,10,int
10,2,2026-03-21T13:44:10.591234,resource-metrics.json,run_number,2,int
10,2,2026-03-21T13:44:10.591235,resource-metrics.json,start_timestamp,2026-03-21T20:43:57Z,str
10,2,2026-03-21T13:44:10.591236,resource-metrics.json,end_timestamp,2026-03-21T20:44:01Z,str
10,2,2026-03-21T13:44:10.591237,resource-metrics.json,duration_seconds,3.859664,float
10,2,2026-03-21T13:44:10.591239,resource-metrics.json,search_budget_seconds,120,int
10,2,2026-03-21T13:44:10.591240,resource-metrics.json,cpu_average_percent,0,int
10,2,2026-03-21T13:44:10.591241,resource-metrics.json,memory_peak_mb,0,int
10,2,2026-03-21T13:44:10.591242,resource-metrics.json,tests_generated,0,int
10,2,2026-03-21T13:44:10.591243,resource-metrics.json,test_methods,0,int
10,2,2026-03-21T13:44:10.591244,resource-metrics.json,assertions,0,int
10,2,2026-03-21T13:44:10.591245,resource-metrics.json,coverage,N/A,str
10,2,2026-03-21T13:44:10.591246,resource-metrics.json,total_goals,N/A,str
10,2,2026-03-21T13:44:10.591248,resource-metrics.json,covered_goals,N/A,str
10,2,2026-03-21T13:44:10.591274,exit-status.json,endpoint_id,10,int
10,2,2026-03-21T13:44:10.591277,exit-status.json,run_number,2,int
10,2,2026-03-21T13:44:10.591278,exit-status.json,generation_status,FAILED,str
10,2,2026-03-21T13:44:10.591279,exit-status.json,exit_code,1,int
10,2,2026-03-21T13:44:10.591281,exit-status.json,timed_out,False,bool
10,2,2026-03-21T13:44:10.591282,exit-status.json,hung_up,False,bool
10,2,2026-03-21T13:44:10.591283,exit-status.json,error_type,NO_CLASS_FILES,str
10,2,2026-03-21T13:44:10.591284,exit-status.json,error_message,"No class files generated - compilation failed: [ERROR] /project/src/main/java/com/yas/location/controller/StateOrProvinceController.java:[6,40] package com.yas.location.viewmodel.error does not exist [ERROR] /project/src/main/java/com/yas/location/controller/StateOrProvinceController.java:[7,50] package com.yas.location.viewmodel.stateorprovince does not exist [ERROR] /project/src/main/java/com/yas/location/controller/StateOrProvinceController.java:[8,50] package com.yas.location.viewmodel.state",str
10,2,2026-03-21T13:44:10.591285,exit-status.json,runs_without_error,False,bool
10,2,2026-03-21T13:44:10.591286,exit-status.json,threw_errors,True,bool
10,2,2026-03-21T13:44:10.591287,exit-status.json,error_counts,"{'total_errors': 100, 'missing_packages': 53, 'cannot_find_symbol': 47}",dict
10,2,2026-03-21T13:44:10.591289,exit-status.json,error_details_file,error-details.txt,str
10,3,2026-03-21T13:44:10.591339,resource-metrics.json,endpoint_id,10,int
10,3,2026-03-21T13:44:10.591342,resource-metrics.json,run_number,3,int
10,3,2026-03-21T13:44:10.591344,resource-metrics.json,start_timestamp,2026-03-21T20:44:06Z,str
10,3,2026-03-21T13:44:10.591345,resource-metrics.json,end_timestamp,2026-03-21T20:44:10Z,str
10,3,2026-03-21T13:44:10.591346,resource-metrics.json,duration_seconds,3.926797,float
10,3,2026-03-21T13:44:10.591347,resource-metrics.json,search_budget_seconds,120,int
10,3,2026-03-21T13:44:10.591348,resource-metrics.json,cpu_average_percent,0,int
10,3,2026-03-21T13:44:10.591350,resource-metrics.json,memory_peak_mb,0,int
10,3,2026-03-21T13:44:10.591351,resource-metrics.json,tests_generated,0,int
10,3,2026-03-21T13:44:10.591353,resource-metrics.json,test_methods,0,int
10,3,2026-03-21T13:44:10.591354,resource-metrics.json,assertions,0,int
10,3,2026-03-21T13:44:10.591355,resource-metrics.json,coverage,N/A,str
10,3,2026-03-21T13:44:10.591356,resource-metrics.json,total_goals,N/A,str
10,3,2026-03-21T13:44:10.591357,resource-metrics.json,covered_goals,N/A,str
10,3,2026-03-21T13:44:10.591383,exit-status.json,endpoint_id,10,int
10,3,2026-03-21T13:44:10.591386,exit-status.json,run_number,3,int
10,3,2026-03-21T13:44:10.591387,exit-status.json,generation_status,FAILED,str
10,3,2026-03-21T13:44:10.591388,exit-status.json,exit_code,1,int
10,3,2026-03-21T13:44:10.591390,exit-status.json,timed_out,False,bool
10,3,2026-03-21T13:44:10.591391,exit-status.json,hung_up,False,bool
10,3,2026-03-21T13:44:10.591392,exit-status.json,error_type,NO_CLASS_FILES,str
10,3,2026-03-21T13:44:10.591393,exit-status.json,error_message,"No class files generated - compilation failed: [ERROR] /project/src/main/java/com/yas/location/controller/StateOrProvinceController.java:[6,40] package com.yas.location.viewmodel.error does not exist [ERROR] /project/src/main/java/com/yas/location/controller/StateOrProvinceController.java:[7,50] package com.yas.location.viewmodel.stateorprovince does not exist [ERROR] /project/src/main/java/com/yas/location/controller/StateOrProvinceController.java:[8,50] package com.yas.location.viewmodel.state",str
10,3,2026-03-21T13:44:10.591394,exit-status.json,runs_without_error,False,bool
10,3,2026-03-21T13:44:10.591395,exit-status.json,threw_errors,True,bool
10,3,2026-03-21T13:44:10.591396,exit-status.json,error_counts,"{'total_errors': 100, 'missing_packages': 53, 'cannot_find_symbol': 47}",dict
10,3,2026-03-21T13:44:10.591397,exit-status.json,error_details_file,error-details.txt,str
